CRIM,ZN,INDUS,CHAS,NOX,RM,AGE,DIS,RAD,TAX,PTRATIO,B,LSTAT,Price
1.2161272705798853,-0.49582566016277474,0.9953842328037696,-0.262374883916401,0.21096253745909924,-0.5169084073022937,0.08055771396025464,-0.4409127016277252,1.660644026921731,1.5276587028461421,0.7985195894763473,0.1460876942896648,0.7176289917047215,-0.3422055877580336
-0.3997291237740319,0.7477784470897564,-0.8950838124424932,-0.262374883916401,-1.0855425171811308,0.4761561278727761,-0.9509695472399305,1.1388747486935735,-0.40494973811794843,-0.6483480273161002,-0.8395484113424274,0.3052352599214885,-0.7480111739555068,0.13682810700211084
0.09900562996609075,-0.49582566016277474,0.9953842328037696,-0.262374883916401,0.5009702470496773,0.2979886671501901,0.8900200786520664,-0.7312585225293785,1.660644026921731,1.5276587028461421,0.7985195894763473,0.4367647972089601,0.7925455429234136,-0.6159391276209736
-0.39380135937425725,0.5405110958810013,-0.8663751101608491,-0.262374883916401,-0.8723015542468823,-0.7870803764308062,-0.09136349623977613,1.6373875948943062,-0.17543931978020624,-0.7434740045909524,0.5710101449181839,0.4251250151481223,0.03929367339729258,-0.38782784440185714
-0.3878777694564543,0.41615068515574816,-0.7615883468328482,-0.262374883916401,-1.059953601629021,-1.0032179517336153,0.2775507673144567,1.9885852011747842,-0.2901945289490773,-0.4699868199257525,0.29799881144838897,0.18576876949706775,-0.04924406895207071,-0.5132890501723709
-0.4054523385571946,2.8204519591773085,-1.3845671863445248,-0.262374883916401,-1.290253841598009,1.4516959947800512,-1.090655530527456,1.6776345035784024,-0.8639705747934328,-0.47593219350543076,-2.6596239678077342,0.39433250078717735,-0.8501701074355412,1.425656857190119
0.20343447096944428,-0.49582566016277474,0.9953842328037696,-0.262374883916401,1.1748116899219019,0.18261793438720442,0.9759806837520821,-1.0338324711891183,1.660644026921731,1.5276587028461421,0.7985195894763473,0.44406611504712223,0.8865317617250456,-1.094972822381118
-0.40304366245953965,-0.49582566016277474,0.10972076741504953,-0.262374883916401,0.15125506783750964,1.0165000661297998,0.7968960897937166,-0.7975985227287613,-0.9787257839623038,-0.8088731139674132,1.1625347007694087,0.44406611504712223,-0.9836577805161197,0.20526149196784554
-0.39864584570238293,0.7477784470897564,-0.8950838124424932,-0.262374883916401,-1.0855425171811308,0.11397965033833839,-0.5677285161690285,1.5459654901202657,-0.40494973811794843,-0.6483480273161002,-0.8395484113424274,0.1885199907114476,-0.22359531542466285,0.011366901231596649
0.30039933820744785,-0.49582566016277474,0.9953842328037696,-0.262374883916401,1.345404460269301,-0.29054810884327004,0.5605044257686743,-0.5328162287544466,1.660644026921731,1.5276587028461421,0.7985195894763473,0.44406611504712223,0.2504221359226971,-0.23955551030943134
-0.40626949340314944,-0.49582566016277474,-1.2898284688150994,-0.262374883916401,-0.8296533616600326,0.21912765994511063,-0.3599903871773244,1.0773971142562644,-0.7492153656245616,-1.1120871665310044,0.1159912558018574,0.4146492112933678,-1.0422289023780063,0.7527285716937251
-0.39024783159587123,-0.49582566016277474,2.379143682779014,-0.262374883916401,0.4583220544628276,-1.2646275867282297,1.0583595969729302,-0.9959926742684254,-0.6344601564556905,1.7952005139316638,0.7530177005647155,-0.11517250487587607,1.5131065537359236,-1.7222788512336882
-0.34390899446932316,-0.49582566016277474,-0.43430914082210564,-0.262374883916401,-0.14728228027043747,-0.6512641973553922,-0.4387876085190053,0.32464512360492115,-0.6344601564556905,-0.6067304122583524,1.1625347007694087,0.430521641376329,-0.5981780715181227,-0.25096107447038735
-0.4034778085845936,-0.49582566016277474,-1.113269949782988,-0.262374883916401,-0.5652345676215648,1.061772125821604,0.6285565714728529,-0.1937986079967873,-0.8639705747934328,-0.826709234706448,-0.29352574440283585,0.44406611504712223,-1.0027274480990596,0.1710447994849784
-0.3894797269130836,0.41615068515574816,-0.7615883468328482,-0.262374883916401,-1.059953601629021,0.6397196983721996,-1.835647441394256,1.9267705710905987,-0.2901945289490773,-0.4699868199257525,0.29799881144838897,0.41062819567235104,-0.8583428221139441,0.4675894676698295
-0.35596907288548435,-0.49582566016277474,-0.7127835529540533,-0.262374883916401,-0.41170107430890573,1.5743686726546182,0.1020478652352583,0.1558584467551124,-0.17543931978020624,-0.6067304122583524,-0.47553330004936745,0.37179365006937254,-1.1076106198052282,1.0720843682004881
-0.3874290126444995,0.3332437446722461,-1.124753430695646,-0.262374883916401,-0.9584509032723185,0.7769962664699304,-1.3091387351566615,0.13308716947332136,-0.5197049472868195,-1.1477594080090738,-1.613080522840183,0.44406611504712223,-1.0912651904484227,1.482684677994898
-0.06279311677395485,-0.49582566016277474,1.2078286296879353,3.8113404189961417,2.693087346013751,-1.280691865973709,1.1192483589187745,-1.2048336908612576,-0.5197049472868195,-0.03597454860923968,-1.7040843006634487,0.44406611504712223,1.9013105009600548,-0.9923227449325156
-0.3947427050588694,0.41615068515574816,-0.7615883468328482,-0.262374883916401,-1.059953601629021,0.30236983421713914,-1.9968235759567852,1.7198552439084887,-0.2901945289490773,-0.4699868199257525,0.29799881144838897,0.43750551061283155,-0.9482426835763743,0.2622893127726246
-0.26066669309269935,-0.49582566016277474,1.2078286296879353,-0.262374883916401,2.693087346013751,0.3359587817304131,1.1192483589187745,-0.9909377395652792,-0.5197049472868195,-0.03597454860923968,-1.7040843006634487,0.09921111744465275,-0.7452869357293725,0.13682810700211084
-0.33926279603485193,-0.49582566016277474,-0.43430914082210564,-0.262374883916401,-0.14728228027043747,-0.681932366824034,0.7718242466395454,0.41293798308653845,-0.6344601564556905,-0.6067304122583524,1.1625347007694087,0.2322220815398673,0.26540544616643563,-0.6273446917819291
-0.03694994250782473,-0.49582566016277474,0.9953842328037696,-0.262374883916401,0.21096253745909924,0.2293503831013254,0.22382538912694705,-0.44664162762462395,1.660644026921731,1.5276587028461421,0.7985195894763473,0.4067129962518872,0.2041100860784148,0.12542254284115487
-0.37292060055195253,-0.49582566016277474,-0.18167256074363777,-0.262374883916401,-0.0961044491662178,-0.4497305122757445,0.2847141510727914,-0.34746862297242603,-0.6344601564556905,-0.6245665329973872,-0.02051441093304089,0.43708224581061966,-0.3938602045580537,-0.2053388178265638
1.0569751454098801,-0.49582566016277474,0.9953842328037696,-0.262374883916401,0.3559663922543883,0.5506359680109066,1.1192483589187745,-1.105708828444328,1.660644026921731,1.5276587028461421,0.7985195894763473,-3.384893101965878,1.1385237976424638,-0.5589113068161945
0.018228360193739395,-0.49582566016277474,1.2078286296879353,-0.262374883916401,2.693087346013751,-1.1857665795231502,1.1192483589187745,-1.1614093946494701,-0.5197049472868195,-0.03597454860923968,-1.7040843006634487,0.44406611504712223,1.8468257364373701,-0.7414003333914876
-0.2692431663035,-0.49582566016277474,1.2078286296879353,-0.262374883916401,0.4242035003933478,-0.31245394417801503,1.1192483589187745,-0.9950779717983322,-0.5197049472868195,-0.03597454860923968,-1.7040843006634487,-0.01104936353165104,-0.8760503705838167,0.25088374861166907
-0.3977671172473459,-0.49582566016277474,2.379143682779014,-0.262374883916401,0.4583220544628276,-0.4336662330302665,0.5282691988561684,-0.8253284502431623,-0.6344601564556905,1.7952005139316638,0.7530177005647155,0.44406611504712223,0.06653605565863502,-0.22814994614847536
-0.4060065010389341,-0.49582566016277474,-1.2898284688150994,-0.262374883916401,-0.8296533616600326,1.0486286246207583,-0.8220286395899076,1.0773971142562644,-0.7492153656245616,-1.1120871665310044,0.1159912558018574,0.42004583752157454,-1.351429941044244,1.2887900872586486
-0.40565062645084904,0.3332437446722461,-1.124753430695646,-0.262374883916401,-0.9584509032723185,2.2490684009647404,-0.1522522581856205,0.41905204696558157,-0.5197049472868195,-1.1477594080090738,-1.613080522840183,0.34258837871672404,-1.2397361737727395,2.6574577865733473
-0.38972706496990517,-0.49582566016277474,-0.6108676598542168,-0.262374883916401,-0.914949746833732,-0.7213628704265738,-1.2697401244858213,0.6143650954480896,-0.7492153656245616,-1.0466880571545436,-0.24802385549120418,0.44406611504712223,0.17550558470400526,-0.23955551030943134
-0.16115226099049695,-0.49582566016277474,0.9953842328037696,-0.262374883916401,0.23655145301120906,-0.5972298035296887,-0.9617146228774326,-0.04826463078145011,1.660644026921731,1.5276587028461421,0.7985195894763473,0.16714511819972674,0.06517393654556793,-0.17112212534369625
-0.40593449122492276,-0.49582566016277474,-0.8577624994763559,-0.262374883916401,-0.3434639661699462,-0.3226766673342285,-1.126472449319129,0.4756191734055487,-0.5197049472868195,-1.1001964193716478,0.7985195894763473,0.43602408380508867,-0.5927295950658543,-0.17112212534369625
-0.40295391109714873,-0.49582566016277474,-0.9725973086029323,-0.262374883916401,-0.9661275779379516,-0.5577992999271503,-0.5892186674440324,2.016844693277134,-0.7492153656245616,-0.33918860117283084,0.1614931447134907,0.1023856034612451,-0.026088044029929564,-0.5589113068161945
1.553769808653668,-0.49582566016277474,0.9953842328037696,-0.262374883916401,0.3559663922543883,-2.412493358268825,1.1192483589187745,-1.0929992783335607,1.660644026921731,1.5276587028461421,0.7985195894763473,-3.451134043512102,2.929710431325735,-0.4790723576895038
7.264784668254141,-0.49582566016277474,0.9953842328037696,-0.262374883916401,1.0553967506787236,-0.4716363476104895,1.1192483589187745,-0.9732695392219023,1.660644026921731,1.5276587028461421,0.7985195894763473,-3.5817112349945965,1.0567966508584363,-1.5169786963364833
0.2851363884985211,-0.49582566016277474,0.9953842328037696,-0.262374883916401,1.345404460269301,0.054103700423371676,0.5103607394603318,-0.5246801909941448,1.660644026921731,1.5276587028461421,0.7985195894763473,0.44406611504712223,0.1537116788949312,-0.2965833311142105
-0.39812090459444516,-0.49582566016277474,-0.3740208660306531,-0.262374883916401,-0.30081577358309647,-0.12406376029921429,-0.5140031379815189,-0.5037864608878079,-0.5197049472868195,-0.14893664662312658,1.1170328118577755,0.40798279065852416,0.01886188670128563,-0.04566091957318246
-0.35364284280677,0.3332437446722461,-1.0328855833943846,-0.262374883916401,0.7824483181228855,1.8109516942698554,0.7395890197270398,-0.8109339218980132,-0.5197049472868195,-0.8623814761845175,-2.4776164121612037,0.35380489597535,-0.7629944841992452,2.3951298108713637
-0.40490339417791965,0.6648715066062543,0.5561410878946149,-0.262374883916401,-0.7784755305558129,-0.045202753094136086,0.30620430234779505,-0.1007396672236325,-0.6344601564556905,-0.826709234706448,-0.11151818875630587,0.44406611504712223,-0.30940881954789196,-0.17112212534369625
0.5003131925898471,-0.49582566016277474,0.9953842328037696,-0.262374883916401,1.1748116899219019,0.27900360986007866,1.0762680563687668,-1.0102909181430384,1.660644026921731,1.5276587028461421,0.7985195894763473,0.39200454437501003,0.580054961284942,-1.0265394374153831
-0.3216642236627746,-0.49582566016277474,-0.43430914082210564,-0.262374883916401,-0.14728228027043747,-0.9944556175997172,0.6070664201978493,0.30346254008697615,-0.6344601564556905,-0.6067304122583524,1.1625347007694087,-0.5451037277230176,0.49696569538784735,-0.9352949241277364
-0.40802695031322345,0.9550457982985116,-1.3845671863445248,-0.262374883916401,-0.9661275779379516,1.4035031570436134,-0.6966694238190517,1.5471209037666989,-0.9787257839623038,-0.7434740045909524,-1.3400691893703873,0.4212098157276585,-1.0040895672121266,1.2089511381319584
-0.39523946841349833,0.02234271785911328,-0.731444209437122,-0.262374883916401,-1.2476056490111598,-1.0017575627112985,-1.1443809087149655,1.287200975554458,-0.6344601564556905,-0.38080621623057864,0.2069950336251224,0.44406611504712223,0.031120958718889754,-0.5361001784942829
-0.40724006046156325,3.027719310386064,-1.4965311252429365,-0.262374883916401,-1.23907601049379,0.1504893758962459,-1.1837795193858056,2.5820345353241256,-0.8639705747934328,-0.5710581707802829,-0.5210351889609991,0.44406611504712223,-0.9659502320462471,0.2965060052554922
-0.396084801012762,-0.49582566016277474,-0.6108676598542168,-0.262374883916401,-0.914949746833732,0.7156599275326455,-2.358574455752683,0.9130876652863852,-0.7492153656245616,-1.0466880571545436,-0.24802385549120418,0.32248330061164016,-1.0926273095614898,0.513211724313653
-0.4045151673545541,2.8204519591773085,-1.3845671863445248,-0.262374883916401,-1.290253841598009,1.2078110280532328,-1.1515442924733,1.6776345035784024,-0.8639705747934328,-0.47593219350543076,-2.6596239678077342,-0.006605083108421744,-0.5791084039351831,0.9352175982690184
-0.3701675296916347,-0.49582566016277474,-0.08262753787196578,3.8113404189961417,-0.5652345676215648,-1.2792314769513922,0.7109354846937009,-0.07666854958960397,-0.6344601564556905,-0.7850916196487001,0.07048936689022571,0.4265006257553122,1.514468672848991,-0.31939445943612205
-0.40064959704878567,1.369580500716022,-1.1089636444407416,-0.262374883916401,-1.0087757705248013,1.3217213717939018,-1.0691653792524518,0.35742998582246827,-0.5197049472868195,-0.06570141650763098,-1.4765748561052856,0.44406611504712223,-1.017710758342798,1.459873549672986
-0.1537467299727503,-0.49582566016277474,1.2078286296879353,-0.262374883916401,0.4242035003933478,0.1782367673202554,0.9473271487187438,-0.7518633992241068,-0.5197049472868195,-0.03597454860923968,-1.7040843006634487,-0.2634210018507333,-0.20997412429399162,0.02277246539255263
-0.36683524945774726,-0.49582566016277474,-0.7127835529540533,3.8113404189961417,-0.41170107430890573,-0.16933581999101982,0.8076411654312184,-0.3737061411935172,-0.17543931978020624,-0.6067304122583524,-0.47553330004936745,0.4265006257553122,1.171214656356075,-0.04566091957318246
-0.40349241927149443,-0.49582566016277474,0.23890992768244793,-0.262374883916401,-1.0087757705248013,-0.07002936647351206,-0.5390749811356899,0.5728183464117564,-0.5197049472868195,-0.06570141650763098,0.1159912558018574,0.33295910446639404,-0.07103797476114476,-0.10268874037796157
-0.3984590376341506,1.1623131495072667,-0.682639415558327,3.8113404189961417,-0.9234793853511019,1.4414732716238376,-0.7074144994565535,0.4635836145885347,-0.6344601564556905,-0.9218352119813001,-0.3845295222261008,0.3631167216240205,-0.9278108968803676,1.2659789589367374
-0.4025093287671656,-0.49582566016277474,-1.2496362856207974,-0.262374883916401,-0.5737642061389346,2.168747004737344,0.5211058150978337,-0.521502803466453,-0.7492153656245616,-1.2845030003416738,-0.29352574440283585,0.42988674417301054,-0.7221309108072314,2.018746193559821
-0.4078182262146398,3.234986661594819,-1.429065674881073,3.8113404189961417,-1.3158427571501188,2.399488470263317,-1.5741839342150425,0.992089073361267,-0.9787257839623038,-1.2547761324432825,-2.204605078691408,0.429463479370798,-1.3214633205567672,3.1821137379773154
-0.40673077366101923,1.7841152031335323,-1.0601588505619468,-0.262374883916401,-0.6078827602084145,0.607591139881241,-0.4423693003981727,0.9184795956364075,-0.5197049472868195,-0.2321718767386222,-0.3845295222261008,0.44406611504712223,-0.7738914371037822,0.20526149196784554
-0.35255747749413524,-0.49582566016277474,1.5394141410409248,-0.262374883916401,0.5862666322233767,-0.1883208772811313,1.0440328294562613,-1.0377319922458308,-0.6344601564556905,0.16616815309982108,1.2535384785926738,0.44406611504712223,0.762578922435937,-0.49047792185045935
0.14300884442948816,-0.49582566016277474,0.9953842328037696,-0.262374883916401,1.2345191595434917,-0.33435977951275875,0.49245228006449526,-0.7974540960229571,1.660644026921731,1.5276587028461421,0.7985195894763473,0.24809451162282847,0.8034424958279509,0.12542254284115487
-0.4044963821856816,-0.49582566016277474,-1.113269949782988,-0.262374883916401,-0.5652345676215648,0.20014260265499914,-0.09494518811894374,-0.352379130969768,-0.8639705747934328,-0.826709234706448,-0.29352574440283585,0.3941208683860714,-0.5518660216738405,0.05698915787542018
-0.4020563974732392,-0.49582566016277474,-1.0214021024817272,-0.262374883916401,-0.3861121587567959,-0.3796318392045643,-0.771884953281565,-0.12967315061973506,-0.5197049472868195,-0.6721295216348132,-0.8395484113424274,0.40523156944414435,-0.3747905369751141,0.12542254284115487
-0.3998209623774087,-0.49582566016277474,-0.0510479653621572,-0.262374883916401,-1.21348709494168,-0.3139143332003305,-2.1830715536734853,0.7043429331640889,-0.6344601564556905,-0.6186211594177089,0.34350070036002067,0.3806822109158311,-1.0000032098729252,0.07980028619733175
-0.4047750288572908,2.405917256759798,-1.2812158581306061,-0.262374883916401,-1.3243723956674889,0.8631592187865911,-0.7647215695232306,1.9273964201490832,-0.5197049472868195,-0.30351635969476126,-1.6585824117518155,0.3801531299130656,-0.9250866586542332,0.3079115694164482
3.593087741455006,-0.49582566016277474,0.9953842328037696,-0.262374883916401,1.1748116899219019,-1.207672414857894,1.1192483589187745,-1.1239547356109214,1.660644026921731,1.5276587028461421,0.7985195894763473,0.44406611504712223,2.414829406586362,-1.9503901344528047
-0.4002978969426722,-0.49582566016277474,0.23890992768244793,-0.262374883916401,-1.0087757705248013,-0.20438515652661057,-0.8220286395899076,0.12817666147597942,-0.5197049472868195,-0.06570141650763098,0.1159912558018574,0.33888481169736623,-0.35299663116604,-0.14831099702178469
0.7989086699211002,-0.49582566016277474,0.9953842328037696,-0.262374883916401,1.2345191595434917,-1.8166546371637835,1.0117976025437552,-0.9889639079192889,1.660644026921731,1.5276587028461421,0.7985195894763473,0.44406611504712223,1.7460289220704024,-1.4143286188878812
0.31719954090244296,-0.49582566016277474,0.9953842328037696,-0.262374883916401,1.2345191595434917,-0.8279712690556614,1.0117976025437552,-0.9136213097247793,1.660644026921731,1.5276587028461421,0.7985195894763473,0.41792951351051316,0.5786928421718747,-0.7984281541962667
0.08658237161839406,-0.49582566016277474,0.9953842328037696,-0.262374883916401,1.345404460269301,0.35786461706515815,0.6357199552311876,-0.6684329055045638,1.660644026921731,1.5276587028461421,0.7985195894763473,-3.2169627916881485,0.7176289917047215,-0.9124837958058248
1.6867166232465007,-0.49582566016277474,0.9953842328037696,-0.262374883916401,1.2345191595434917,-2.7921945040710576,0.8040594735520513,-1.1480739954802182,1.660644026921731,1.5276587028461421,0.7985195894763473,-0.7312344244958761,2.4202778830386302,-1.5169786963364833
-0.4036291335560667,0.8721388578150095,-1.2898284688150994,-0.262374883916401,-0.7102384224168538,1.3962012119320322,-0.9903681579107709,0.09519923031736052,-0.2901945289490773,-1.1120871665310044,-0.02051441093304089,0.40999329846903254,-0.8079444149304604,1.596740319604456
-0.40190715974275193,-0.49582566016277474,2.079137743935833,-0.262374883916401,0.21949217597646917,-0.4029980635616248,0.549759350131172,-0.7832039943836122,-0.8639705747934328,-1.314229868240065,0.29799881144838897,0.2405815613835604,0.19185101406081068,-0.2053388178265638
-0.40534484564642403,1.6804815275291547,-0.8391018429932872,-0.262374883916401,-1.281724203080639,-0.10361831398678734,-1.3413739620691676,1.6815821668703828,-0.40494973811794843,-0.689965642373848,-0.8395484113424274,0.44406611504712223,-0.7793399135560507,0.12542254284115487
-0.1152527880914674,-0.49582566016277474,0.9953842328037696,-0.262374883916401,-0.19846011137465713,-0.7564122069621645,-1.0190216929441096,0.13193175582688813,1.660644026921731,1.5276587028461421,0.7985195894763473,0.401951267226999,-0.3325648444700331,-0.034255355412226476
-0.3310860294728389,-0.49582566016277474,-0.43430914082210564,-0.262374883916401,-0.14728228027043747,-0.519829185346926,0.9079285380479031,0.27698431068954477,-0.6344601564556905,-0.6067304122583524,1.1625347007694087,0.41687135150498217,0.46836119401343757,-0.7414003333914876
0.0952757303244016,-0.49582566016277474,0.9953842328037696,-0.262374883916401,0.23655145301120906,-0.5475765767709355,-0.5569834405315264,-0.32349378980893356,1.660644026921731,1.5276587028461421,0.7985195894763473,0.3522176529670541,-0.19226657582411913,-0.17112212534369625
-0.4022254639930919,-0.49582566016277474,-1.1879125757152627,-0.262374883916401,-0.9405386623858418,1.6590712359489634,-0.2238860957689667,-0.15841406507476516,-0.8639705747934328,-0.7910369932283784,-0.20252196657957086,0.44406611504712223,-0.9087412292974276,1.2659789589367374
-0.361069246234375,-0.49582566016277474,-0.7127835529540533,-0.262374883916401,-0.4372899898610156,1.6532296798596977,0.2918775348311261,-0.07353930429718027,-0.17543931978020624,-0.6067304122583524,-0.47553330004936745,0.2243916826989397,-1.0367804259257376,1.0948954965223998
-0.3820741958953369,-0.49582566016277474,-0.18167256074363777,-0.262374883916401,-0.0961044491662178,-0.3752506721376153,0.775405938518713,-0.4767305246671597,-0.6344601564556905,-0.6245665329973872,-0.02051441093304089,0.4377171430139381,-0.1554893597713065,-0.30798889527516643
0.4464446336068953,-0.49582566016277474,0.9953842328037696,-0.262374883916401,1.345404460269301,-0.5023045170791313,0.4136550587228144,-0.5031124695940552,1.660644026921731,1.5276587028461421,0.7985195894763473,-3.7187432147108277,0.5555368172497338,-0.9809171807715598
-0.4056788042041578,0.5405110958810013,-0.9051318582410686,-0.262374883916401,-1.1026017942158708,-0.1649546529240708,-0.7897934126774016,0.7589362279580656,-0.6344601564556905,-0.7613101253299871,0.2524969225367557,0.37782517350089767,-0.728941506372567,0.09120585035828732
-0.39481575849337364,-0.49582566016277474,-0.3740208660306531,-0.262374883916401,-0.30081577358309647,-0.1649546529240708,0.7610791710020435,-0.6755579563242363,-0.5197049472868195,-0.14893664662312658,1.1170328118577755,0.3995174946142781,-0.07240009387421185,-0.22814994614847536
-0.4033431815410072,0.02234271785911328,-0.731444209437122,-0.262374883916401,-1.2476056490111598,-0.5870070803734753,-1.695961458106731,1.287200975554458,-0.6344601564556905,-0.38080621623057864,0.2069950336251224,0.4367647972089601,-0.6485764787016065,-0.011444227090314915
-0.24106750023569803,-0.49582566016277474,-0.43430914082210564,-0.262374883916401,-0.14728228027043747,-0.26864227350852626,1.008215910664588,-0.0310297105554858,-0.6344601564556905,-0.6067304122583524,1.1625347007694087,-1.1282568089710112,1.0186573156925567,-0.9809171807715598
0.05213350276766153,-0.49582566016277474,0.9953842328037696,-0.262374883916401,0.24508109152857901,-0.40445845258394025,0.9222553055645725,-0.618124269649444,1.660644026921731,1.5276587028461421,0.7985195894763473,-0.250193976781599,1.1521449887731352,-0.3422055877580336
-0.36391311207757676,-0.49582566016277474,-0.08262753787196578,3.8113404189961417,-0.5652345676215648,-1.3668548182903684,1.1192483589187745,0.024430144473316245,-0.6344601564556905,-0.7850916196487001,0.07048936689022571,0.44406611504712223,1.3932400717860165,-0.23955551030943134
-0.39111612384597905,-0.49582566016277474,-0.7472339956920262,-0.262374883916401,-0.4799381824478653,-0.4584928464096425,-1.3807725727400078,0.011094745304064464,-0.5197049472868195,-0.7732008724893437,0.34350070036002067,0.4073478934552057,-0.3720662987489797,0.2965060052554922
-0.4011661891927801,1.369580500716022,-1.1089636444407416,-0.262374883916401,-1.0087757705248013,0.7331845958004416,-0.9903681579107709,-0.01716474679828513,-0.5197049472868195,-0.06570141650763098,-1.4765748561052856,0.412003806279541,-0.8419973927571386,1.1291121890052673
-0.4021962426192902,-0.49582566016277474,-1.2496362856207974,-0.262374883916401,-0.5737642061389346,-0.19854360043734479,-0.23463117140646852,-0.5903943421350429,-0.7492153656245616,-1.2845030003416738,-0.29352574440283585,0.44406611504712223,-0.4646903984375445,1.6081458837654121
-0.3873392612821086,0.02234271785911328,-0.4730658889023252,-0.262374883916401,-0.2666972195136167,-0.9477231688855962,1.1192483589187745,1.0869774190746078,-0.5197049472868195,-0.5829489179396394,-1.4765748561052856,0.3353928770791149,2.324929545123931,-0.6387502559428851
0.9266895630739885,-0.49582566016277474,0.9953842328037696,-0.262374883916401,1.5757047002382893,-0.622056416909066,0.9974708350270858,-0.928497260422609,1.660644026921731,1.5276587028461421,0.7985195894763473,-1.2106876292018562,1.4885884097007154,-1.288867413117367
-0.4024300136097039,-0.49582566016277474,-1.0214021024817272,-0.262374883916401,-0.3861121587567959,0.3885327865337999,-1.2769035082441558,-0.33312223686254505,-0.5197049472868195,-0.6721295216348132,-0.8395484113424274,0.381211291918596,-1.0258834730212005,0.8325675208204157
-0.38137601378557473,-0.49582566016277474,-0.21181669813936418,-0.262374883916401,0.253610730045949,-0.7096797582480435,0.0662309464435852,-0.44847103256481013,-0.40494973811794843,-0.10731903156537878,0.34350070036002067,0.44406611504712223,0.16869498913866954,-0.43345010104568027
-0.3530177141315121,0.3332437446722461,-1.0328855833943846,-0.262374883916401,0.7824483181228855,1.3480083741955957,0.467380436910324,-0.8242693210672651,-0.5197049472868195,-0.8623814761845175,-2.4776164121612037,0.40068147282036204,-0.44562073085460463,1.3344123439024718
2.5811933115216474,-0.49582566016277474,0.9953842328037696,-0.262374883916401,0.3559663922543883,-1.6428683435081453,1.1192483589187745,-1.0759087848134004,1.660644026921731,1.5276587028461421,0.7985195894763473,-1.5233745018361915,0.9832422187528111,-0.6615613842647967
0.17306720186651442,-0.49582566016277474,0.9953842328037696,-0.262374883916401,1.345404460269301,0.22788999407900865,0.6858636415395302,-0.7262035878262325,1.660644026921731,1.5276587028461421,0.7985195894763473,-2.6956063715631506,0.4574642411089003,-0.8896726674839132
-0.384429647347853,-0.49582566016277474,-0.21181669813936418,-0.262374883916401,0.253610730045949,-0.38109222822687977,-0.12359872315228213,-0.681286882321135,-0.40494973811794843,-0.10731903156537878,0.34350070036002067,0.44406611504712223,0.007964933796748607,-0.10268874037796157
-0.40711273876142723,2.924085634781686,-1.3113599955263324,-0.262374883916401,-1.19642781790694,1.9423867062783218,-1.9001178952192677,1.1774366791432873,-0.8639705747934328,-0.36297009549154385,-1.7040843006634487,0.4279820525630551,-1.3282739161221029,2.3038852975837165
-0.26800334515791335,-0.49582566016277474,-0.43430914082210564,-0.262374883916401,-0.14728228027043747,-0.30369161004411704,1.1192483589187745,0.16885685027748792,-0.6344601564556905,-0.6067304122583524,1.1625347007694087,0.23063483853157143,0.02431036315355402,-0.8668615391620016
4.3647720425334136,-0.49582566016277474,0.9953842328037696,-0.262374883916401,1.1748116899219019,-2.5716757617012993,1.1192483589187745,-1.042786926948977,1.660644026921731,1.5276587028461421,0.7985195894763473,-2.8217392826224157,3.285223519836255,-1.7222788512336882
-0.37391934536367516,0.41615068515574816,-0.7615883468328482,-0.262374883916401,-1.059953601629021,-0.25111760524073157,-1.2124330544191444,2.0370162898544497,-0.2901945289490773,-0.4699868199257525,0.29799881144838897,0.3729576282754565,-0.504191852716491,0.25088374861166907
-0.39364064181834785,-0.49582566016277474,2.379143682779014,-0.262374883916401,0.4583220544628276,-1.2062120258355784,0.857784851739561,-0.9644595101678478,-0.6344601564556905,1.7952005139316638,0.7530177005647155,0.42491338274701573,0.7080941579132516,-0.7870225900353109
-0.4065366602493365,-0.49582566016277474,-0.5879006980289015,-0.262374883916401,-0.7358273379689636,1.3217213717939018,-0.274029782077309,0.5501914958357697,-0.8639705747934328,-0.9931796949374392,-0.29352574440283585,0.400998921422021,-1.2029589577199271,1.4370624213510748
-0.3987888217099127,-0.49582566016277474,0.23890992768244793,-0.262374883916401,-1.0087757705248013,-0.0013910824246473302,0.20591692973111048,0.10973818536831371,-0.5197049472868195,-0.06570141650763098,0.1159912558018574,0.19814926496177762,-0.12143638194462834,-0.23955551030943134
-0.3965805207468981,-0.49582566016277474,-0.6108676598542168,-0.262374883916401,-0.914949746833732,-0.308072777111066,-1.0297667685816114,0.9130876652863852,-0.7492153656245616,-1.0466880571545436,-0.24802385549120418,0.3645981484317634,-0.451069207306873,-0.10268874037796157
-0.39129771381174683,-0.49582566016277474,-0.21181669813936418,-0.262374883916401,0.253610730045949,-0.8367336031895595,-0.528329905498188,-0.6944778547845828,-0.40494973811794843,-0.10731903156537878,0.34350070036002067,0.44406611504712223,-0.11598790549235995,-0.034255355412226476
-0.40379089473246904,0.3746972149139971,-0.7931679193426567,-0.262374883916401,-0.9917164934900614,0.33741917075272987,-1.7067065337442329,1.4396674346483953,-0.6344601564556905,-0.9872343213577609,-0.7485446335191623,0.44406611504712223,-1.0326940685865362,0.3307226977383597
-0.2833758750185965,-0.49582566016277474,1.2078286296879353,-0.262374883916401,0.4242035003933478,-0.5913882474404243,0.9258369974437396,-0.6731989867961015,-0.5197049472868195,-0.03597454860923968,-1.7040843006634487,-0.6628771589385896,0.21364491986988474,-0.5361001784942829
-0.3781637499083729,0.3332437446722461,-0.6036904842838058,-0.262374883916401,-0.7784755305558129,-0.6191356388644338,-0.9545512391190979,0.2911381278583536,-0.7492153656245616,-1.106141792951326,0.07048936689022571,0.3567677495908358,0.01886188670128563,-0.11409430453891715
-0.40056923827083096,-0.49582566016277474,-1.0214021024817272,-0.262374883916401,-0.3861121587567959,-0.6147544717974848,-0.0018211992605933836,-0.5403264174562633,-0.5197049472868195,-0.6721295216348132,-0.8395484113424274,0.40523156944414435,-0.4388101352892689,0.05698915787542018
-0.35793629751463496,-0.49582566016277474,-0.18167256074363777,-0.262374883916401,-0.0961044491662178,0.5185074095199481,0.49245228006449526,-0.243962817146103,-0.6344601564556905,-0.6245665329973872,-0.02051441093304089,0.44406611504712223,-1.1334908829535035,0.07980028619733175
-0.3478058733898792,-0.49582566016277474,1.5394141410409248,-0.262374883916401,0.5862666322233767,0.13442509665076666,1.0440328294562613,-0.7206190885351379,-0.6344601564556905,0.16616815309982108,1.2535384785926738,0.3261868676309974,-0.2372165065553343,0.1026114145192433
-0.4047280659351094,0.5405110958810013,-0.9051318582410686,-0.262374883916401,-1.1026017942158708,0.4951411851628876,0.059067562685250985,0.7589362279580656,-0.6344601564556905,-0.7613101253299871,0.2524969225367557,0.430627457576882,-0.7684429606515137,0.20526149196784554
0.7212946138627834,-0.49582566016277474,0.9953842328037696,-0.262374883916401,1.0553967506787236,0.7331845958004416,0.7897327060353819,-0.9651335014616007,1.660644026921731,1.5276587028461421,0.7985195894763473,-3.527533340311422,1.7610122323141406,-1.6652510304289092
1.1745389939371005,-0.49582566016277474,0.9953842328037696,-0.262374883916401,1.5757047002382893,-0.18686048825881454,1.1192483589187745,-0.9195428046627504,1.660644026921731,1.5276587028461421,0.7985195894763473,-3.6571581859889384,1.850912093776571,-1.5283842604974394
-0.40335257412544345,-0.49582566016277474,-1.2496362856207974,-0.262374883916401,-0.5737642061389346,1.0223416222190655,-0.37073546281482644,-0.4791376364305625,-0.7492153656245616,-1.2845030003416738,-0.29352574440283585,0.44406611504712223,-1.0653849273001472,1.7222015253749703
-0.40794346067379,2.8204519591773085,-1.5367233084372383,-0.262374883916401,-1.1367203482853505,2.3293897971921353,-1.3163021189149962,0.8781845447170434,-0.6344601564556905,-0.9158898384016219,-1.8405899673983463,0.4158131894994518,-1.3473435837050425,3.1821137379773154
1.1584881107560205,-0.49582566016277474,0.9953842328037696,-0.262374883916401,0.5009702470496773,-1.4252703791830197,1.022542678181257,-0.8297575358878237,1.660644026921731,1.5276587028461421,0.7985195894763473,-0.05771430797555655,1.6411457503642337,-1.1520006431858971
-0.3452333488748362,-0.49582566016277474,-0.7127835529540533,-0.262374883916401,-0.41170107430890573,0.49368079614057214,0.4315635181186509,-0.2658193919578009,-0.17543931978020624,-0.6067304122583524,-0.47553330004936745,0.44406611504712223,-0.7166824343549629,0.9124064699471068
-0.4021847627938681,-0.49582566016277474,2.079137743935833,-0.262374883916401,0.21949217597646917,-0.5986901925520055,0.033995719531079716,-0.7541742265169737,-0.8639705747934328,-1.314229868240065,0.29799881144838897,0.3620585596184895,0.2054722051914819,-0.011444227090314915
-0.34366165641250157,-0.49582566016277474,-0.43430914082210564,-0.262374883916401,-0.14728228027043747,-0.48331945978901975,-0.24895793892313797,0.4252142530798927,-0.6344601564556905,-0.6067304122583524,1.1625347007694087,0.44406611504712223,-0.6267825728925325,-0.19393325366560824
-0.2848870374923419,-0.49582566016277474,1.5394141410409248,-0.262374883916401,0.5862666322233767,0.06724720162421739,1.0368694456979264,-0.7477713092263222,-0.6344601564556905,0.16616815309982108,1.2535384785926738,0.44406611504712223,-0.08193492766568178,-0.2851777669532545
-0.3455631329505983,0.3332437446722461,-1.0328855833943846,-0.262374883916401,0.7824483181228855,3.5400522966923322,0.6500467227478571,-0.9740398149861911,-0.5197049472868195,-0.8623814761845175,-2.4776164121612037,0.36787845064890873,-1.0544879743956104,3.1821137379773154
-0.4079653767041413,2.6131846079685532,-1.0285792780521381,-0.262374883916401,-1.23907601049379,-0.5724031901503127,-0.7575581857648959,1.6827857227520844,-0.7492153656245616,0.3564201076495253,1.208036589681042,0.44406611504712223,0.2640433270533685,-0.36501671607994557
-0.2993944059643959,-0.49582566016277474,-0.43430914082210564,-0.262374883916401,-0.14728228027043747,-0.503764906101448,-1.4130077996525137,0.32464512360492115,-0.6344601564556905,-0.6067304122583524,1.1625347007694087,0.33772083349128285,-0.8556185838878098,0.11401697868019929
-0.40481468643602164,2.8204519591773085,-1.119011690239317,-0.262374883916401,-1.3414316727022286,-0.7199024814042569,-1.348537345827502,1.3418424125837032,-0.6344601564556905,-0.42836920486800467,-1.0670578559005905,0.44406611504712223,-0.35708298850524134,-0.30798889527516643
-0.3336387251985165,-0.49582566016277474,-0.43430914082210564,-0.262374883916401,-0.14728228027043747,-0.8075258227432331,0.026832335772744995,-0.013361510212108706,-0.6344601564556905,-0.6067304122583524,1.1625347007694087,0.38110547571804304,-0.21542260074626027,-0.4448556652066362
-0.39677463415858083,-0.49582566016277474,-1.1879125757152627,-0.262374883916401,-0.9405386623858418,2.612705267521495,0.25964230791862014,-0.15841406507476516,-0.8639705747934328,-0.7910369932283784,-0.20252196657957086,0.44406611504712223,-1.1784408136847189,1.8932849877893076
0.8479901417030369,-0.49582566016277474,0.9953842328037696,-0.262374883916401,0.5009702470496773,-0.9228965555062202,0.6751185659020279,-0.9017301776135692,1.660644026921731,1.5276587028461421,0.7985195894763473,-0.6707075577795171,0.16869498913866954,-0.14831099702178469
2.2044776221930125,-0.49582566016277474,0.9953842328037696,-0.262374883916401,1.1748116899219019,-0.42782467694100074,1.1192483589187745,-1.0761976382250087,1.660644026921731,1.5276587028461421,0.7985195894763473,0.44406611504712223,1.8944999053947191,-1.8819567494870695
-0.023563422445164663,-0.49582566016277474,0.9953842328037696,-0.262374883916401,1.3880526528561505,-1.9232630357928713,0.811222857310386,-0.997485083561735,1.660644026921731,1.5276587028461421,0.7985195894763473,-0.4116694988255912,0.1550737980079983,-0.022849791251270898
-0.3928161816289426,-0.49582566016277474,-0.0510479653621572,-0.262374883916401,-1.21348709494168,-0.46579479152122377,-1.835647441394256,0.7043429331640889,-0.6344601564556905,-0.6186211594177089,0.34350070036002067,0.23285697874318578,-0.40611927657565783,-0.04566091957318246
-0.3674290695182177,-0.49582566016277474,-0.18167256074363777,-0.262374883916401,-0.0961044491662178,0.14902898687392913,-0.055546577448103034,-0.14045701131977975,-0.6344601564556905,-0.6245665329973872,-0.02051441093304089,0.42618317715365267,-0.3407375591484359,0.11401697868019929
-0.19959715270861272,-0.49582566016277474,1.2078286296879353,-0.262374883916401,0.4242035003933478,2.408250804397215,0.9831440675104168,-0.8561394808147189,-0.5197049472868195,-0.03597454860923968,-1.7040843006634487,0.152013401520637,-1.2479088884511422,3.1821137379773154
-0.3996800736108648,-0.49582566016277474,2.079137743935833,-0.262374883916401,0.21949217597646917,-0.46579479152122377,0.8649482354978957,-0.8364011643548155,-0.8639705747934328,-1.314229868240065,0.29799881144838897,0.2450258418067891,0.6903866094433792,-0.18252768950465226
-0.16790135471819811,-0.49582566016277474,1.2078286296879353,-0.262374883916401,0.4242035003933478,-0.584086302328843,1.022542678181257,-0.6911078983158186,-0.5197049472868195,-0.03597454860923968,-1.7040843006634487,-0.07199949505022185,-0.11326366726622576,-0.3422055877580336
-0.4039703974572509,-0.49582566016277474,-0.9582429574621102,-0.262374883916401,-0.906420108316362,-0.38693378431614556,-0.8471004827440786,0.2902715676235284,-0.7492153656245616,-0.9634528270390479,0.02498747797859241,0.4344368407967928,-0.00020778088165422103,0.045583593714464195
-0.40568193506563655,2.8204519591773085,-1.0802549421590975,-0.262374883916401,-1.3926095038064483,-0.5899278584181075,-1.7783403713275792,2.5977770462567804,-0.9787257839623038,-0.5591674236209264,-0.9305521891656939,0.4258657285519937,-0.4919327806988869,-0.13690543286082912
-0.4073485969928267,0.2296100690678685,-1.4046632779416757,-0.262374883916401,-1.1870452155378328,1.2034298609862837,-0.331336852143986,2.59902874437375,-0.7492153656245616,-1.1477594080090738,0.07048936689022571,0.4053373856446973,-0.6553870742669421,1.2431678306148255
-0.3748982613860323,-0.49582566016277474,-0.7127835529540533,-0.262374883916401,-0.41170107430890573,-0.28324616373168876,-0.2597030145606398,-0.08297518240971952,-0.17543931978020624,-0.6067304122583524,-0.47553330004936745,0.23084647093267738,-0.26990736526894515,0.21666705612880152
-0.40206579005767545,-0.49582566016277474,0.39106604977516163,-0.262374883916401,-0.04492661806199814,0.5287301326761629,0.5855762689228451,-0.1940874614083956,-0.5197049472868195,-0.7910369932283784,-0.9305521891656939,0.4004698404192555,-0.4319995397239334,0.7527285716937251
0.6158148470230614,-0.49582566016277474,0.9953842328037696,-0.262374883916401,0.9871596425397642,0.7507092640682363,1.0762680563687668,-1.1873099172236847,1.660644026921731,1.5276587028461421,0.7985195894763473,0.44406611504712223,1.141248035868598,-1.0037283090934714
0.5920432594353737,-0.49582566016277474,0.9953842328037696,-0.262374883916401,1.1748116899219019,0.18115754536488765,1.1192483589187745,-1.0520302361204439,1.660644026921731,1.5276587028461421,0.7985195894763473,0.22407423409728075,1.014570958353355,-1.1405950790249413
-0.2394164926159016,-0.49582566016277474,1.5394141410409248,-0.262374883916401,0.5862666322233767,-1.8414812505431595,1.1192483589187745,-1.1481221377154862,-0.6344601564556905,0.16616815309982108,1.2535384785926738,0.44406611504712223,2.9351589077780034,-0.8782671033229573
0.06461937834493334,-0.49582566016277474,0.9953842328037696,-0.262374883916401,1.8315938557593876,0.17239521123098964,0.6894453334186973,-0.6287637036436845,1.660644026921731,1.5276587028461421,0.7985195894763473,0.2076727230115541,-0.6908021712066874,0.3307226977383597
-0.39860618812365206,0.5405110958810013,-0.8663751101608491,-0.262374883916401,-0.8723015542468823,-0.5154480182799783,-0.771884953281565,1.4961382766178266,-0.17543931978020624,-0.7434740045909524,0.5710101449181839,0.44406611504712223,-0.4960191380380882,-0.2851777669532545
-0.4026366504673016,2.405917256759798,-1.2812158581306061,-0.262374883916401,-1.3243723956674889,0.0949945930482269,-1.7425234525359061,1.9273964201490832,-0.5197049472868195,-0.30351635969476126,-1.6585824117518155,0.1407968842620111,-1.0749197610916172,0.045583593714464195
-0.29137105161484184,-0.49582566016277474,-0.43430914082210564,-0.262374883916401,-0.14728228027043747,-0.8279712690556614,0.9079285380479031,0.19677934673296105,-0.6344601564556905,-0.6067304122583524,1.1625347007694087,0.05540321041568005,1.3264962352457275,-1.0721616940592065
0.6263929843392789,-0.49582566016277474,0.9953842328037696,-0.262374883916401,1.5757047002382893,-0.042281975049502554,0.9974708350270858,-0.7829151409720039,1.660644026921731,1.5276587028461421,0.7985195894763473,0.35539213898364586,0.48743086159637744,-1.0835672582201623
-0.3999211499447288,1.369580500716022,-1.1089636444407416,-0.262374883916401,-1.0087757705248013,0.9799903405718923,-1.6923797662275637,1.2784390887356716,-0.5197049472868195,-0.06570141650763098,-1.4765748561052856,0.24068737758411338,-1.0572122126217447,1.6993903970530584
0.012072042906015655,-0.49582566016277474,0.9953842328037696,-0.262374883916401,-0.19846011137465713,-0.07441053354046107,0.7861510141562148,-0.3490091745010039,1.660644026921731,1.5276587028461421,0.7985195894763473,0.4274529715602896,0.0011543382314128767,-0.2851777669532545
-0.3818717335197108,-0.49582566016277474,-0.3740208660306531,-0.262374883916401,-0.30081577358309647,-0.07441053354046107,0.8040594735520513,-0.6158134423565771,-0.5197049472868195,-0.14893664662312658,1.1170328118577755,0.3840683293335294,0.36620226053340305,-0.30798889527516643
-0.38551083817851617,-0.49582566016277474,-0.3740208660306531,-0.262374883916401,-0.30081577358309647,0.18261793438720442,0.5963213445603475,-0.534164211341952,-0.5197049472868195,-0.14893664662312658,1.1170328118577755,-3.0066001849886366,-0.3039603430956233,-0.3992334085628127
-0.3922286232914297,0.41615068515574816,-0.7615883468328482,-0.262374883916401,-1.059953601629021,0.22350882701205962,-0.7038328075773862,1.9267705710905987,-0.2901945289490773,-0.4699868199257525,0.29799881144838897,0.20925996601984997,-0.45515556464607454,0.27369487693358063
-0.2532256789781935,-0.49582566016277474,1.2078286296879353,-0.262374883916401,2.693087346013751,-1.2792314769513922,1.1192483589187745,-1.0748496556375031,-0.5197049472868195,-0.03597454860923968,-1.7040843006634487,-0.1410974740113792,0.057001221867165094,-0.2851777669532545
-0.4074331302527531,3.027719310386064,-1.007047751340905,-0.262374883916401,-1.077012878663761,0.34472111586431115,-1.4703148697191903,2.268002734670588,-0.6344601564556905,-0.34513397475250907,-0.24802385549120418,0.39676627339989823,-0.8855852043752865,0.11401697868019929
0.32350718316163973,-0.49582566016277474,0.9953842328037696,-0.262374883916401,1.3880526528561505,-0.40007728551699123,0.9509088405979108,-0.938607129828901,1.660644026921731,1.5276587028461421,0.7985195894763473,-0.3698720996071263,0.38663404722940975,-0.9010782316448691
-0.3533422801048096,-0.49582566016277474,-0.7127835529540533,-0.262374883916401,-0.4372899898610156,-0.4365870110748988,-0.023311350535597547,-0.07353930429718027,-0.17543931978020624,-0.6067304122583524,-0.47553330004936745,0.24777706302116953,-0.16502419356277645,0.25088374861166907
0.9551595301207935,-0.49582566016277474,0.9953842328037696,-0.262374883916401,0.21096253745909924,-0.8279712690556614,-0.4316242247606706,-0.4816891748997696,1.660644026921731,1.5276587028461421,0.7985195894763473,0.44406611504712223,0.25859485060109993,-0.22814994614847536
-0.3979476635926208,-0.49582566016277474,0.10972076741504953,-0.262374883916401,0.15125506783750964,0.7507092640682363,0.7360073278478723,-0.6910116138452825,-0.9787257839623038,-0.8088731139674132,1.1625347007694087,0.40755952585631167,-0.8692397750184809,-0.011444227090314915
-0.40824089251427165,1.7841152031335323,-1.279780423016524,-0.262374883916401,-1.4181984193585582,0.2527166074583859,-1.3198838107941635,1.6768160855788452,-0.9787257839623038,-0.6483480273161002,-1.4310729671936522,0.42099818332655253,-0.6308689302317338,-0.011444227090314915
1.042646236042115,-0.49582566016277474,0.9953842328037696,-0.262374883916401,1.345404460269301,-0.1050787030091028,0.940163764960409,-0.7712647200371341,1.660644026921731,1.5276587028461421,0.7985195894763473,-2.6909504587388153,0.3144417342368521,-1.1862173356687646
-0.4065345730083506,-0.49582566016277474,-0.5879006980289015,-0.262374883916401,-0.7358273379689636,0.2059841587442649,0.36351137241447234,0.5501914958357697,-0.8639705747934328,-0.9931796949374392,-0.29352574440283585,0.44406611504712223,-0.5069160909426252,-0.05706648373413804
-0.39362811837243283,-0.49582566016277474,-0.16588277448873362,-0.262374883916401,-0.07051553361410798,-0.3781714501822475,0.4960339719436624,-0.5184217004092975,-0.40494973811794843,0.13644128520142979,-0.29352574440283585,0.41877604311493755,-0.34891027382683854,-0.330800023597078
-0.39453293733979283,-0.49582566016277474,-0.16588277448873362,-0.262374883916401,-0.07051553361410798,-0.037900807982554845,0.5533410420103396,-0.7547519333401904,-0.40494973811794843,0.13644128520142979,-0.29352574440283585,0.3577200953958138,-0.3284784871308318,-0.4106389727237687
0.6255267793301571,-0.49582566016277474,0.9953842328037696,-0.262374883916401,1.1748116899219019,-0.6249771949536982,0.3241127617436316,-1.1187553742019714,1.660644026921731,1.5276587028461421,0.7985195894763473,-0.1774982470016368,2.3303780215761996,-1.8021178003603788
-0.40572994160831083,2.8204519591773085,-0.8922129422143288,-0.262374883916401,-1.2305463719764198,0.8485553285634273,-1.463151485960856,0.6222122797967831,-0.6344601564556905,-0.9753435741984045,0.34350070036002067,0.44406611504712223,-1.298307295634626,0.7299174433718135
-0.4035811270133925,2.405917256759798,-1.2812158581306061,-0.262374883916401,-1.3243723956674889,1.1114253525803586,-2.1042743323318045,1.9273964201490832,-0.5197049472868195,-0.30351635969476126,-1.6585824117518155,0.1761394952467377,-1.1062485006921612,0.7869452641765926
-0.32325887577595336,0.3332437446722461,-1.0328855833943846,-0.262374883916401,0.7824483181228855,1.529096612962814,0.9222553055645725,-0.840300685411528,-0.5197049472868195,-0.8623814761845175,-2.4776164121612037,0.4072420772546527,-0.21950895808546156,1.0150565473957092
1.018089845843753,-0.49582566016277474,0.9953842328037696,-0.262374883916401,1.5757047002382893,-0.503764906101448,0.6858636415395302,-0.9646039368736521,1.660644026921731,1.5276587028461421,0.7985195894763473,-3.0261761820909556,2.8820362623683864,-1.5626009529803067
-0.40080509650223045,0.41615068515574816,-0.7615883468328482,-0.262374883916401,-1.059953601629021,0.9887526747057903,-2.2188884724651583,2.4468029964561535,-0.2901945289490773,-0.4699868199257525,0.29799881144838897,0.32967880224924867,-1.2710649133732836,0.8553786491423278
-0.4055660931909227,0.5405110958810013,-0.9051318582410686,-0.262374883916401,-1.1026017942158708,0.03219786508862665,-1.3091387351566615,0.7589362279580656,-0.6344601564556905,-0.7613101253299871,0.2524969225367557,0.44406611504712223,-0.83654891630487,0.3079115694164482
-0.40236739638012875,-0.49582566016277474,-1.1376723467223857,-0.262374883916401,-0.8125940846252926,0.07746992478043217,-1.8463925170317579,0.6693435281242112,-0.6344601564556905,0.12455053804207328,-0.7030427446075307,0.2145507760475037,-0.7520975312947081,0.05698915787542018
-0.37902578043552326,-0.49582566016277474,1.5394141410409248,-0.262374883916401,0.5862666322233767,-0.15473192976785605,0.8900200786520664,-1.0650767818780873,-0.6344601564556905,0.16616815309982108,1.2535384785926738,0.3507362261593106,1.5389868168841991,-0.9238893599667807
0.359461996383653,-0.49582566016277474,0.9953842328037696,-0.262374883916401,1.0553967506787236,-0.12698453834384782,0.33485783738113345,-0.9092403663153861,1.660644026921731,1.5276587028461421,0.7985195894763473,-2.732218776954514,1.1793873710344775,-1.2660562847954553
0.257814403993926,-0.49582566016277474,0.9953842328037696,-0.262374883916401,0.24508109152857901,-0.17225659803565205,1.0261243700604246,-0.7790637621505593,1.660644026921731,1.5276587028461421,0.7985195894763473,-0.5520875969595208,1.5308141022057966,-1.0037283090934714
-0.34085536090704494,0.3332437446722461,-1.0328855833943846,-0.262374883916401,0.7824483181228855,0.8208079371394178,1.1192483589187745,-0.8730855476290752,-0.5197049472868195,-0.8623814761845175,-2.4776164121612037,0.39147546337224454,-0.8120307722696617,0.9124064699471068
-0.4040799776090073,-0.49582566016277474,-0.8577624994763559,-0.262374883916401,-0.3434639661699462,0.05264331140105491,-1.0978189142857904,1.2681366503883074,-0.5197049472868195,-1.1001964193716478,0.7985195894763473,0.36798426684946167,-0.9782093040638512,0.011366901231596649
-0.3932659820613903,0.5405110958810013,-0.8663751101608491,-0.262374883916401,-0.8723015542468823,-0.19708321141502932,-1.4165894915316808,1.921137929564236,-0.17543931978020624,-0.7434740045909524,0.5710101449181839,0.3782484383031102,-0.8174792487219302,0.13682810700211084
-0.39174542700320863,-0.49582566016277474,2.079137743935833,-0.262374883916401,0.21949217597646917,-0.4292850659633175,0.7037721009353668,-0.8816548655067894,-0.8639705747934328,-1.314229868240065,0.29799881144838897,0.3183564687900698,0.26540544616643563,-0.07987761205605001
-0.4065011771525773,2.6131846079685532,-1.1792999650307696,-0.262374883916401,-1.0855425171811308,0.46009184862729685,-1.6816346905900619,0.7591287968991378,-0.7492153656245616,-0.9337259591406566,-0.06601629984467257,0.430627457576882,-1.1634575034409804,0.9922454190737975
-0.40580821314527965,-0.49582566016277474,-0.8577624994763559,-0.262374883916401,-0.3434639661699462,-0.6001505815743222,-0.804120180194071,0.6772869969434405,-0.5197049472868195,-1.1001964193716478,0.7985195894763473,0.44406611504712223,-0.41701622948019484,-0.2965833311142105
-0.39520502893723203,-0.49582566016277474,-0.08262753787196578,3.8113404189961417,-0.5652345676215648,-0.3153747222226473,-0.3456636196606552,0.1997641653195809,-0.6344601564556905,-0.7850916196487001,0.07048936689022571,0.27920447458543235,0.2449736594704287,0.2622893127726246
0.5834772224295021,-0.49582566016277474,0.9953842328037696,-0.262374883916401,1.345404460269301,0.6543235885953621,0.9079285380479031,-0.6394031376379251,1.660644026921731,1.5276587028461421,0.7985195894763473,-3.68509366293495,0.7966319002626151,-0.8212392825181782
-0.1693102423836375,-0.49582566016277474,1.2078286296879353,-0.262374883916401,0.4242035003933478,0.05702447846800392,0.9795623756312493,-0.8300945315346999,-0.5197049472868195,-0.03597454860923968,-1.7040843006634487,-0.6120853826731143,-0.2399407447814685,0.19385592780688995
-0.4041425948385824,0.9550457982985116,-0.7328796445512042,-0.262374883916401,-1.0010990958591683,-0.838193992211875,-1.4452430265650194,1.3558999452819755,-0.9787257839623038,-0.6245665329973872,-0.7030427446075307,0.41359104928783685,-0.05877890274354063,-0.57031687097715
-0.28076160568383673,-0.49582566016277474,-0.43430914082210564,-0.262374883916401,-0.14728228027043747,-0.20146437848197704,0.821967932947888,0.07348708221146663,-0.6344601564556905,-0.6067304122583524,1.1625347007694087,0.44406611504712223,0.797994019375682,-0.7870225900353109
-0.3401394372489031,0.3332437446722461,-1.0328855833943846,-0.262374883916401,0.7824483181228855,1.537858947096712,1.1192483589187745,-0.9289786827752896,-0.5197049472868195,-0.8623814761845175,-2.4776164121612037,0.3000502660943883,-0.6908021712066874,1.5853347554435002
-0.39486376503604786,-0.49582566016277474,-1.0214021024817272,-0.262374883916401,-0.3861121587567959,-1.033886121202257,0.7073537928145339,-0.5912609023698681,-0.5197049472868195,-0.6721295216348132,-0.8395484113424274,0.44406611504712223,0.24906001680963,0.11401697868019929
2.2978294752845336,-0.49582566016277474,0.9953842328037696,-0.262374883916401,1.0553967506787236,-1.4252703791830197,0.7288439440895376,-1.0479381461226591,1.660644026921731,1.5276587028461421,0.7985195894763473,-2.408103754660447,1.8767923569248466,-1.3344896697611903
-0.007622119415841202,-0.49582566016277474,0.9953842328037696,3.8113404189961417,1.8315938557593876,0.16801404416404062,0.7968960897937166,-0.6350221942285321,1.660644026921731,1.5276587028461421,0.7985195894763473,0.3852323075396128,0.055639102754097995,-0.04566091957318246
-0.40872513242298564,0.250336804188744,-1.2711678123320305,-0.262374883916401,-0.14728228027043747,0.43088406818097186,-0.12718041503144922,0.12793595029963928,-0.9787257839623038,-0.6721295216348132,-1.4310729671936522,0.44406611504712223,-1.07355764197855,0.21666705612880152
0.5081789602449708,-0.49582566016277474,0.9953842328037696,-0.262374883916401,0.24508109152857901,-1.0441088443584705,0.0662309464435852,-0.8476664474075409,1.660644026921731,1.5276587028461421,0.7985195894763473,-3.7171559717025318,0.5855034377372104,-1.1862173356687646
-0.4015544160161456,0.8721388578150095,-1.2898284688150994,-0.262374883916401,-0.7102384224168538,1.6649127920382278,0.11279294087276064,-0.3490573167362718,-0.2901945289490773,-1.1120871665310044,-0.02051441093304089,0.44406611504712223,-0.8706018941315482,1.2887900872586486
-0.3971252906442013,0.02234271785911328,-0.4730658889023252,-0.262374883916401,-0.2666972195136167,-0.39569611845004227,0.5067790475811648,1.1565910912722188,-0.5197049472868195,-0.5829489179396394,-1.4765748561052856,0.44406611504712223,0.055639102754097995,-0.36501671607994557
2.178971537346095,-0.49582566016277474,0.9953842328037696,-0.262374883916401,1.1748116899219019,-1.3595528731787871,0.9759806837520821,-1.0213154900194235,1.660644026921731,1.5276587028461421,0.7985195894763473,0.44406611504712223,0.9410165262477305,-1.5740065171412625
-0.39602427102417276,-0.49582566016277474,-0.3740208660306531,-0.262374883916401,-0.30081577358309647,0.2833847769270276,1.0153792944229223,-0.6698290303273373,-0.5197049472868195,-0.14893664662312658,1.1170328118577755,0.4265006257553122,-0.08057280855261469,-0.2623666386313429
0.5280954137318191,-0.49582566016277474,0.9953842328037696,3.8113404189961417,1.8315938557593876,-0.09923714691983833,1.0261243700604246,-0.8194069553051914,1.660644026921731,1.5276587028461421,0.7985195894763473,0.24121645858687887,0.6454366787121641,-0.49047792185045935
-0.40084057959898967,-0.49582566016277474,-1.1879125757152627,-0.262374883916401,-0.9405386623858418,2.2490684009647404,-1.140799216835798,-0.15841406507476516,-0.8639705747934328,-0.7910369932283784,-0.20252196657957086,0.4084060554607361,-1.265616436921015,2.474968759998054
-0.3991060823397598,-0.49582566016277474,2.079137743935833,-0.262374883916401,0.21949217597646917,-0.5855466913511598,0.9688172999937474,-0.8752038059808697,-0.8639705747934328,-1.314229868240065,0.29799881144838897,0.2586761316781359,0.6427124404860295,-0.37642228024090113
-0.4049002633164409,1.6804815275291547,-0.8391018429932872,-0.262374883916401,-1.281724203080639,0.41628017795780936,-1.6422360799192215,1.6815821668703828,-0.40494973811794843,-0.689965642373848,-0.8395484113424274,0.1776209220544812,-0.45651768375914165,0.3079115694164482
-0.10423006844526676,-0.49582566016277474,1.2078286296879353,-0.262374883916401,0.4242035003933478,-0.26134032839694504,0.8685299273770628,-0.741801672053083,-0.5197049472868195,-0.03597454860923968,-1.7040843006634487,-1.214497012421767,-0.41565411036712774,0.3307226977383597
0.6307438381742544,-0.49582566016277474,0.9953842328037696,-0.262374883916401,1.5757047002382893,0.2994490561725069,1.1192483589187745,-0.8886354896206576,1.660644026921731,1.5276587028461421,0.7985195894763473,0.3364510390846459,0.815701567845555,-0.7642114617133992
-0.12406198867218883,-0.49582566016277474,1.2078286296879353,-0.262374883916401,2.693087346013751,-0.9973763956443494,0.9365820730812419,-1.1065753886791527,-0.5197049472868195,-0.03597454860923968,-1.7040843006634487,-0.03263586844447785,1.1698525372430078,-0.7642114617133992
-0.40296539092257083,-0.49582566016277474,-0.8577624994763559,-0.262374883916401,-0.3434639661699462,-0.45557206836501024,-0.3671537709356591,0.4756191734055487,-0.5197049472868195,-1.1001964193716478,0.7985195894763473,0.44406611504712223,-0.48648430424661854,-0.38782784440185714
-0.3597636769977345,-0.49582566016277474,-0.18167256074363777,-0.262374883916401,-0.0961044491662178,-0.24381566012914901,-0.3564086952981573,0.08552264102848091,-0.6344601564556905,-0.6245665329973872,-0.02051441093304089,0.43697642961006666,-0.017915329351526735,-0.12549986869987315
1.247300214703348,-0.49582566016277474,0.9953842328037696,-0.262374883916401,0.9871596425397642,0.3870723975114831,1.0870131320062686,-1.1097046339715764,1.660644026921731,1.5276587028461421,0.7985195894763473,0.44406611504712223,1.1194541300595238,-1.2774618489564111
-0.40788293068520076,1.9913825543422876,-1.182170835258934,-0.262374883916401,-1.3158427571501188,0.47323534982814386,-1.7890854469650812,1.1531729925681864,-0.9787257839623038,-0.8564361026048393,-1.2945673004587548,0.23031738992991188,-1.1552847887625777,0.7983508283375486
1.2458287098083338,-0.49582566016277474,0.9953842328037696,-0.262374883916401,1.0553967506787236,-0.5607200779717825,0.9544905324770785,-0.921757347485081,1.660644026921731,1.5276587028461421,0.7985195894763473,-3.6745120428796425,1.570315556484743,-1.5740065171412625
0.44134759111948346,-0.49582566016277474,0.9953842328037696,-0.262374883916401,1.2345191595434917,-1.2996769232638203,1.0798497482479343,-1.0091355044966048,1.660644026921731,1.5276587028461421,0.7985195894763473,0.44406611504712223,1.0881253904589803,-1.2090284639906763
-0.4034945065124803,1.1623131495072667,-0.682639415558327,3.8113404189961417,-0.9234793853511019,0.6981352592648509,-1.2840668920024905,0.1219663131264004,-0.6344601564556905,-0.9218352119813001,-0.3845295222261008,0.44406611504712223,-1.2710649133732836,1.1747344456490905
0.3760451260161211,-0.49582566016277474,0.9953842328037696,-0.262374883916401,1.345404460269301,0.20014260265499914,1.0583595969729302,-0.7891736315568513,1.660644026921731,1.5276587028461421,0.7985195894763473,-0.5367442478793252,0.8783590470466425,-1.037945001576339
-0.38292265935607933,-0.49582566016277474,-0.18167256074363777,-0.262374883916401,-0.0961044491662178,-0.8396543812341917,0.3205310698644645,0.05812970916095624,-0.6344601564556905,-0.6245665329973872,-0.02051441093304089,0.43898693742057504,-0.18545598025878338,-0.6729669484257527
0.5642182498531922,-0.49582566016277474,0.9953842328037696,-0.262374883916401,1.345404460269301,-0.1386676505223781,1.0726863644895996,-0.7522966793415194,1.660644026921731,1.5276587028461421,0.7985195894763473,0.44406611504712223,0.7176289917047215,-0.9124837958058248
0.19842091812146595,-0.49582566016277474,0.9953842328037696,-0.262374883916401,-0.19846011137465713,-0.05542547625034957,-0.14508887442728577,-0.1925950521150859,1.660644026921731,1.5276587028461421,0.7985195894763473,0.44406611504712223,-0.288977032851885,0.1026114145192433
-0.40752914333810153,3.4422540128035743,-1.3917443619149357,-0.262374883916401,-1.298783480115379,1.248701920678088,-1.9645883490442793,1.8434363618415917,-0.7492153656245616,-0.04191992218891794,-0.6575408556958974,0.3107377023502487,-1.1457499549711077,1.2317622664538694
-0.18509187147754452,-0.49582566016277474,1.2078286296879353,-0.262374883916401,2.693087346013751,-0.8338128251449273,1.065522980731265,-1.0596367092927972,-0.5197049472868195,-0.03597454860923968,-1.7040843006634487,-0.9839235114166178,0.39889311924701387,-0.30798889527516643
-0.4084391804079261,3.234986661594819,-1.176429094802605,-0.262374883916401,-1.3243723956674889,1.1800636366292232,-1.7174516093817351,1.6768160855788452,-0.9787257839623038,-0.7375286310112741,-1.4310729671936522,0.42099818332655253,-0.6826294565282848,1.1519233173271792
-0.3888702525452194,0.41615068515574816,-0.7615883468328482,-0.262374883916401,-1.059953601629021,-0.07879170060741007,0.37425644805197417,2.0370162898544497,-0.2901945289490773,-0.4699868199257525,0.29799881144838897,0.2243916826989397,-0.36934206052284546,-0.18252768950465226
-0.383793038847173,-0.49582566016277474,-0.18167256074363777,-0.262374883916401,-0.0961044491662178,-0.7272044265158383,0.10562955711442591,0.09986902713836188,-0.6344601564556905,-0.6245665329973872,-0.02051441093304089,0.44406611504712223,0.41932490594302085,-0.2623666386313429
-0.38620380218581374,-0.49582566016277474,-0.16588277448873362,-0.262374883916401,-0.07051553361410798,-0.27448382959779205,0.9544905324770785,-0.6144173175338035,-0.40494973811794843,0.13644128520142979,-0.29352574440283585,0.44406611504712223,0.5759686039457405,-0.38782784440185714
1.455220725507415,-0.49582566016277474,0.9953842328037696,-0.262374883916401,0.9871596425397642,-0.08317286767435907,1.1192483589187745,-1.1737819491133608,1.660644026921731,1.5276587028461421,0.7985195894763473,0.41062819567235104,1.214802467974223,-1.357300798083102
-0.4038514247210583,-0.49582566016277474,-1.113269949782988,-0.262374883916401,-0.5652345676215648,1.1669201354283762,-0.20239594449396278,-0.19726484893608748,-0.8639705747934328,-0.826709234706448,-0.29352574440283585,0.43517755420066423,-0.9754850658377169,0.7527285716937251
0.3633004325566056,-0.49582566016277474,0.9953842328037696,-0.262374883916401,0.3559663922543883,-0.9681686151980244,1.0440328294562613,-1.1407563757194734,1.660644026921731,1.5276587028461421,0.7985195894763473,-0.4263779507024684,1.8441014982112354,-0.5589113068161945
-0.39742480972566885,0.3332437446722461,-0.6036904842838058,-0.262374883916401,-0.7784755305558129,0.3768496743552696,-0.3599903871773244,0.04489059446224057,-0.7492153656245616,-1.106141792951326,0.07048936689022571,0.4235377721398258,-0.6989748858850902,0.2622893127726246
-0.3988608315239241,-0.49582566016277474,-0.16588277448873362,-0.262374883916401,-0.07051553361410798,0.6353385313052505,0.4602170531519893,-0.5520731228616692,-0.40494973811794843,0.13644128520142979,-0.29352574440283585,0.4302041927746694,-0.36797994140977835,0.07980028619733175
0.13348267657013202,-0.49582566016277474,0.9953842328037696,3.8113404189961417,1.8315938557593876,-0.22337021381672206,0.5246875069770013,-0.5303128325205074,1.660644026921731,1.5276587028461421,0.7985195894763473,0.4285111335658206,-0.1881802184849176,0.06839472203637575
-0.04680171996097132,-0.49582566016277474,0.9953842328037696,3.8113404189961417,1.3880526528561505,3.6510418623883676,0.5067790475811648,-0.9241163170132158,1.660644026921731,1.5276587028461421,0.7985195894763473,-0.00406549429514786,-1.0313319494734692,-0.022849791251270898
0.2730136928527848,-0.49582566016277474,0.9953842328037696,3.8113404189961417,0.6459741018449664,1.0749156270224511,1.0297060619395917,-1.262219235300782,1.660644026921731,1.5276587028461421,0.7985195894763473,0.3927452577788815,-1.3487057028181098,3.1821137379773154
-0.39936176936052475,1.1623131495072667,-0.682639415558327,-0.262374883916401,-0.9234793853511019,0.8383326054072138,-0.9294793959649269,0.2132921334299047,-0.6344601564556905,-0.9218352119813001,-0.3845295222261008,0.44406611504712223,-1.3459814645919754,1.1291121890052673
-0.38289030712079886,-0.49582566016277474,-0.6108676598542168,-0.262374883916401,-0.914949746833732,-1.2865334220629734,0.9509088405979108,0.9848677380710585,-0.7492153656245616,-1.0466880571545436,-0.24802385549120418,0.44406611504712223,2.4447960270738385,-0.8782671033229573
-0.3726148197475276,-0.49582566016277474,1.5394141410409248,-0.262374883916401,0.5862666322233767,0.25417699648070136,1.0619412888520978,-0.9505464041753792,-0.6344601564556905,0.16616815309982108,1.2535384785926738,0.4142259464911553,0.23543882567895877,-0.57031687097715
-0.15404416181323197,-0.49582566016277474,1.2078286296879353,-0.262374883916401,2.693087346013751,-1.4720028278971407,0.904346846168736,-1.0051396989693564,-0.5197049472868195,-0.03597454860923968,-1.7040843006634487,-2.817929899402505,0.44656728820436353,-1.0265394374153831
-0.4018247137238114,1.9913825543422876,-1.3601647894051274,-0.262374883916401,-1.2305463719764198,-0.5782447462395772,-1.799830522602583,3.315096351750834,-0.6344601564556905,0.011588440028186377,-0.06601629984467257,0.39570811139436723,-0.6908021712066874,-0.3992334085628127
-0.3867183070888223,-0.49582566016277474,-0.08262753787196578,3.8113404189961417,-0.5652345676215648,-0.6906947009579307,-0.5354932892565227,-0.08263818676284305,-0.6344601564556905,-0.7850916196487001,0.07048936689022571,0.38099965951749004,0.4315839779606252,0.03417802955350821
0.5493915335103052,-0.49582566016277474,0.9953842328037696,-0.262374883916401,1.2345191595434917,-1.0864601260056437,1.1192483589187745,-1.0802415859875254,1.660644026921731,1.5276587028461421,0.7985195894763473,0.44406611504712223,1.4627081465524403,-1.2318395923125878
0.19812244266049137,-0.49582566016277474,0.9953842328037696,-0.262374883916401,1.345404460269301,0.3403399487973621,0.7574974791228765,-0.49232860889401026,1.660644026921731,1.5276587028461421,0.7985195894763473,0.4114747252767755,-0.35027239293990586,-0.2167443819875198
-0.3626398950762167,-0.49582566016277474,-0.7127835529540533,3.8113404189961417,-0.41170107430890573,0.6514028105507298,-0.08061842060227431,-0.08297518240971952,-0.17543931978020624,-0.6067304122583524,-0.47553330004936745,0.05572065901733898,-0.6553870742669421,0.7869452641765926
-0.3791666692020672,-0.49582566016277474,-0.08262753787196578,-0.262374883916401,-0.5652345676215648,-1.2675483647728618,-2.111437716090139,-0.11397878192234841,-0.6344601564556905,-0.7850916196487001,0.07048936689022571,-0.06353419900597577,2.2731690188273808,0.18245036364593398
0.4087427996797371,-0.49582566016277474,0.9953842328037696,-0.262374883916401,0.8506854262618451,-0.10361831398678734,-0.12001703127311451,-0.41443447223029367,1.660644026921731,1.5276587028461421,0.7985195894763473,0.44406611504712223,0.048828507188762506,-0.07987761205605001
0.26312956316435776,-0.49582566016277474,0.9953842328037696,-0.262374883916401,0.24508109152857901,0.21182571483352938,0.21666200536861233,-0.7817597273255704,1.660644026921731,1.5276587028461421,0.7985195894763473,-2.7193092004870394,-0.11326366726622576,-0.6843725125867083
-0.37771394947592524,-0.49582566016277474,-0.5434022094923533,-0.262374883916401,-0.5311160135520849,0.046801755311790434,-1.4273345671691828,0.7662538477188103,-0.5197049472868195,-0.7256378838519176,0.5255082560065523,0.44406611504712223,-0.9141897057496962,0.1026114145192433
-0.39151791773575256,-0.49582566016277474,-0.3740208660306531,-0.262374883916401,-0.30081577358309647,-0.6483434193107587,0.8291313167062226,-0.7766566503871565,-0.5197049472868195,-0.14893664662312658,1.1170328118577755,0.4310507223790945,0.7898213046972794,-0.2965833311142105
-0.37571332899100135,-0.49582566016277474,1.5394141410409248,-0.262374883916401,0.5862666322233767,-0.4935421829452333,0.8864383867728993,-0.8941718466764842,-0.6344601564556905,0.16616815309982108,1.2535384785926738,0.24671890101563856,0.5500883407974649,-0.5361001784942829
-0.1343406069069389,-0.49582566016277474,-0.18167256074363777,-0.262374883916401,-0.0961044491662178,-1.9086591455697088,-1.1085639899232924,-0.6281859968204678,-0.6344601564556905,-0.6245665329973872,-0.02051441093304089,-0.04745013652190864,-0.030174401369130854,-0.6843725125867083
-0.406211050655546,-0.49582566016277474,-0.8577624994763559,-0.262374883916401,-0.3434639661699462,-0.5621804669940993,-0.32775516026481866,0.8621050381375126,-0.5197049472868195,-1.1001964193716478,0.7985195894763473,0.4219505291315299,-0.3134951768870932,-0.4106389727237687
-0.32871388009243613,-0.49582566016277474,-0.43430914082210564,-0.262374883916401,-0.14728228027043747,0.3140529463956694,0.9186736136854053,0.3035106823222441,-0.6344601564556905,-0.6067304122583524,1.1625347007694087,0.3492547993515677,-0.008380495560056808,-0.42204453688472465
-0.37647621557132444,-0.49582566016277474,-0.7127835529540533,-0.262374883916401,-0.4372899898610156,2.9004019049178007,0.34202122113946815,-0.4476526145652531,-0.17543931978020624,-0.6067304122583524,-0.47553330004936745,0.31867391739172934,-1.187975647476189,2.5890244016076123
-0.3256122399874836,-0.49582566016277474,-0.43430914082210564,-0.262374883916401,-0.14728228027043747,-1.203291247790945,-1.1515442924733,-0.013361510212108706,-0.6344601564556905,-0.6067304122583524,1.1625347007694087,-0.6977965051211042,-0.15957571711050805,-0.2167443819875198
-0.39992428080620757,0.3332437446722461,-0.6036904842838058,3.8113404189961417,-0.7784755305558129,-0.5256707414361917,-0.2597030145606398,0.04489059446224057,-0.7492153656245616,-1.106141792951326,0.07048936689022571,0.3852323075396128,0.10739962905064893,-0.1597165611827407
-0.40777961225640186,3.234986661594819,-1.0644651559041933,-0.262374883916401,-1.3755502267717084,1.7145660187969811,-1.2375048975733154,1.2092586966554733,-0.7492153656245616,-0.9812889477780826,-1.1580616337238565,0.33232420726307554,-1.3282739161221029,2.497779888319966
-0.400759177200542,-0.49582566016277474,0.39537235511740815,-0.262374883916401,-1.0087757705248013,-0.22337021381672206,-1.8034122144817504,0.8080413079314841,-0.6344601564556905,-0.7137471366925611,-1.112559744812224,0.44406611504712223,-0.5831947612743844,0.20526149196784554
2.0585899134879955,-0.49582566016277474,0.9953842328037696,-0.262374883916401,0.9871596425397642,0.1461082088292969,0.9831440675104168,-1.1737819491133608,1.660644026921731,1.5276587028461421,0.7985195894763473,0.44406611504712223,1.4749672185700444,-1.0265394374153831
1.0955995398527778,-0.49582566016277474,0.9953842328037696,-0.262374883916401,1.5757047002382893,0.26439971963691616,0.8792750030145646,-0.8769850686857877,1.660644026921731,1.5276587028461421,0.7985195894763473,-3.464890149584002,0.7067320388001848,-1.4257341830488368
-0.36634787868755453,-0.49582566016277474,-0.7127835529540533,-0.262374883916401,-0.4372899898610156,1.2895928133029446,0.39932829120614544,-0.29297161264898525,-0.17543931978020624,-0.6067304122583524,-0.47553330004936745,0.18143030527439144,-0.8855852043752865,1.0834899323614442
-0.39588860036009343,-0.49582566016277474,0.39537235511740815,-0.262374883916401,-1.0087757705248013,0.5813041374795483,-1.348537345827502,1.0283883187533822,-0.6344601564556905,-0.7137471366925611,-1.112559744812224,0.44406611504712223,-0.8978442763928908,0.7413230075327695
-0.30750959891732677,-0.49582566016277474,1.5394141410409248,-0.262374883916401,0.5862666322233767,-0.7637141520737457,1.0619412888520978,-0.7116646327752791,-0.6344601564556905,0.16616815309982108,1.2535384785926738,-0.9753523991718188,0.6059352244332171,-0.7414003333914876
1.521125359635191,-0.49582566016277474,0.9953842328037696,-0.262374883916401,0.9615707269876543,-3.128083979203802,1.1192483589187745,-1.2937042571660913,1.660644026921731,1.5276587028461421,0.7985195894763473,0.44406611504712223,3.420073312029901,-0.9467004882886922
-0.396517903517323,-0.49582566016277474,-0.16588277448873362,-0.262374883916401,-0.07051553361410798,-0.5358934645924053,0.8649482354978957,-0.7081021073654429,-0.40494973811794843,0.13644128520142979,-0.29352574440283585,0.42343195593927285,0.45610212199583344,-0.37642228024090113
-0.3727390105861848,-0.49582566016277474,-0.5434022094923533,-0.262374883916401,-0.5311160135520849,-0.34896366973592124,-0.6751792725440477,0.4317615970763486,-0.5197049472868195,-0.7256378838519176,0.5255082560065523,0.44406611504712223,-0.7030612432242915,-0.19393325366560824
-0.40801651410829426,3.234986661594819,-1.4276302397669909,-0.262374883916401,-1.298783480115379,1.4151862692221437,-1.6780529987108945,2.3456561601579646,-0.5197049472868195,-1.0883056722122912,-0.24802385549120418,0.4338019435934743,-1.0967136669006912,1.516901370477765
-0.40298835057341503,0.3332437446722461,-1.124753430695646,3.8113404189961417,-0.9584509032723185,1.9935003220593903,-0.6823426563023822,0.6680436877719736,-0.5197049472868195,-1.1477594080090738,-1.613080522840183,0.2342325893503757,-1.341895107252774,2.7258911715390823
-0.025518123628400217,-0.49582566016277474,0.9953842328037696,-0.262374883916401,1.8315938557593876,-1.3405678158886756,0.9831440675104168,-0.8283614110650499,1.660644026921731,1.5276587028461421,0.7985195894763473,0.2735962159561197,-0.3638935840705771,-0.14831099702178469
-0.17536741572453393,-0.49582566016277474,1.2078286296879353,-0.262374883916401,0.4242035003933478,-0.622056416909066,0.825549624827055,-0.6750765339715555,-0.5197049472868195,-0.03597454860923968,-1.7040843006634487,0.4251250151481223,-0.16638631267584353,0.06839472203637575
-0.3961829013390963,0.5405110958810013,-0.8663751101608491,-0.262374883916401,-0.8723015542468823,0.7039768153541153,-0.9079892446899229,2.001102182344479,-0.17543931978020624,-0.7434740045909524,0.5710101449181839,0.4300983765741165,-0.45787980287220875,0.3307226977383597
8.876353869623152,-0.49582566016277474,0.9953842328037696,-0.262374883916401,0.9871596425397642,1.0048169539512695,0.8291313167062226,-1.1591467095918713,1.660644026921731,1.5276587028461421,0.7985195894763473,0.44406611504712223,0.5923140333025462,-1.3344896697611903
-0.40572159264436747,3.4422540128035743,-1.2180567131109892,-0.262374883916401,-1.1870452155378328,2.297261238701177,-1.2733218163649884,0.622838128855268,-0.6344601564556905,-1.1001964193716478,-1.7040843006634487,0.4004698404192555,-1.2329255782074038,3.011030275562978
4.9272521796014646,-0.49582566016277474,0.9953842328037696,-0.262374883916401,0.3559663922543883,-0.7637141520737457,1.1192483589187745,-1.1608316878262532,1.660644026921731,1.5276587028461421,0.7985195894763473,-3.728266672760604,-0.3747905369751141,-0.8098337183572224
-0.40364791872493927,-0.49582566016277474,-0.8577624994763559,-0.262374883916401,-0.3434639661699462,-0.430745454985633,-0.8363554071065767,0.4756191734055487,-0.5197049472868195,-1.1001964193716478,0.7985195894763473,0.44406611504712223,-0.4251889441585977,-0.35361115191898956
-0.2566654521228514,-0.49582566016277474,1.2078286296879353,-0.262374883916401,0.4242035003933478,1.7656796345780512,0.7897327060353819,-0.8922461572657618,-0.5197049472868195,-0.03597454860923968,-1.7040843006634487,0.20629711240436416,-1.5162463537253663,3.1821137379773154
-0.38591471930927546,0.02234271785911328,-0.4730658889023252,-0.262374883916401,-0.2666972195136167,0.1417270417623479,0.9150919218062378,1.2143617735938874,-0.5197049472868195,-0.5829489179396394,-1.4765748561052856,0.39771861920487567,1.033640625936295,-0.8098337183572224
-0.11928533767610282,-0.49582566016277474,1.2078286296879353,-0.262374883916401,2.693087346013751,-2.010886377131849,1.0404511375770935,-1.1931351276911195,-0.5197049472868195,-0.03597454860923968,-1.7040843006634487,0.44406611504712223,2.237753921887635,-1.1748117715078086
-0.16107190221254225,-0.49582566016277474,1.2078286296879353,-0.262374883916401,2.693087346013751,-0.21898904674977304,1.1192483589187745,-1.1578950114749018,-0.5197049472868195,-0.03597454860923968,-1.7040843006634487,-1.926110961141193,2.0347981740406333,-0.9467004882886922
0.7553375143417708,-0.49582566016277474,0.9953842328037696,-0.262374883916401,1.5757047002382893,0.5097450753860501,0.9258369974437396,-0.81820339942349,1.660644026921731,1.5276587028461421,0.7985195894763473,-2.5933879218288807,1.4177582158212247,-0.9923227449325156
-0.4052509198020614,-0.49582566016277474,-0.8577624994763559,-0.262374883916401,-0.3434639661699462,-0.35480522582518703,-1.2267598219358136,1.0403757353351282,-0.5197049472868195,-1.1001964193716478,0.7985195894763473,0.44406611504712223,-0.6608355507192106,-0.11409430453891715
3.924687716874794,-0.49582566016277474,0.9953842328037696,-0.262374883916401,1.1748116899219019,-1.093762071117225,0.5963213445603475,-1.06724318246515,1.660644026921731,1.5276587028461421,0.7985195894763473,-0.2695583414828121,1.9775891712918139,-1.5511953888193508
-0.32754398151987496,-0.49582566016277474,-0.43430914082210564,-0.262374883916401,-0.14728228027043747,-0.42344350987405177,0.4637987450311569,0.2087667633147076,-0.6344601564556905,-0.6067304122583524,1.1625347007694087,0.33666267148575185,0.24633577858349578,-0.5246946143333269
-0.40677773658320054,-0.49582566016277474,-1.331456087123483,-0.262374883916401,-0.31787505061783633,0.37977045239990187,-0.32417346838565125,1.1759442698499776,-0.9787257839623038,0.07698754940464721,-1.1580616337238565,0.37062967186328855,-0.5736599274829145,-0.6387502559428851
-0.4056443647278915,2.8204519591773085,-1.119011690239317,-0.262374883916401,-1.3414316727022286,0.014673196820831924,-1.8249023657567542,1.3418424125837032,-0.6344601564556905,-0.42836920486800467,-1.0670578559005905,0.44406611504712223,-1.115783334483631,0.1596392353240224
-0.40789023602865115,3.6495213640123296,-1.4132758886261687,-0.262374883916401,-1.2305463719764198,0.7828378225591948,-1.011858309185775,2.166663329431328,-0.5197049472868195,-0.9099444648219436,-1.522076745016918,0.4017396348258924,-1.213855910624464,1.0834899323614442
-0.3995976275919242,0.02234271785911328,-0.4730658889023252,-0.262374883916401,-0.2666972195136167,-0.570942801127996,-1.0655836873732845,0.7831036300626304,-0.5197049472868195,-0.5829489179396394,-1.4765748561052856,0.3763437466931548,0.38799616634247713,-0.04566091957318246
-0.025992970952677944,-0.49582566016277474,0.9953842328037696,-0.262374883916401,0.23655145301120906,0.046801755311790434,-0.6035454349607016,0.08061213303113897,1.660644026921731,1.5276587028461421,0.7985195894763473,0.35645030098917685,-0.31077093866095906,-0.10268874037796157
-0.40410502450083735,-0.49582566016277474,-0.9582429574621102,-0.262374883916401,-0.906420108316362,0.1592517100301439,-0.7432314182482266,0.459828520237626,-0.7492153656245616,-0.9634528270390479,0.02498747797859241,0.44406611504712223,-0.4415343735154033,0.20526149196784554
0.044463935765206686,-0.49582566016277474,0.9953842328037696,-0.262374883916401,0.21096253745909924,-0.1649546529240708,0.5461776582520049,-0.38073490754265366,1.660644026921731,1.5276587028461421,0.7985195894763473,0.44406611504712223,0.46699907490037024,-0.25096107447038735
2.1364022574399666,-0.49582566016277474,0.9953842328037696,-0.262374883916401,1.2345191595434917,-2.3774440217332344,1.1192483589187745,-1.1347385963109662,1.660644026921731,1.5276587028461421,0.7985195894763473,0.44406611504712223,2.1001798914678553,-1.3230841056002345
-0.3870418294416269,0.41615068515574816,-0.7615883468328482,-0.262374883916401,-1.059953601629021,0.23081077212364087,-2.143672943002645,1.7198552439084887,-0.2901945289490773,-0.4699868199257525,0.29799881144838897,0.2342325893503757,-1.2628921986948807,0.3079115694164482
-0.37389534209233805,-0.49582566016277474,1.5394141410409248,-0.262374883916401,0.5862666322233767,0.26001855256996714,1.0798497482479343,-0.8211882180101093,-0.6344601564556905,0.16616815309982108,1.2535384785926738,0.42438430174425085,-0.03562287782139949,-0.330800023597078
-0.39082599734894785,-0.49582566016277474,-0.21181669813936418,-0.262374883916401,0.253610730045949,-1.038267288269206,0.17010001093943738,-0.6857159679657963,-0.40494973811794843,-0.10731903156537878,0.34350070036002067,0.43210888438462486,0.3049069004453822,-0.5246946143333269
-0.4010586962820095,1.1623131495072667,-0.682639415558327,-0.262374883916401,-0.9234793853511019,0.29506788910555787,-1.3127204270358288,0.15215149463947208,-0.6344601564556905,-0.9218352119813001,-0.3845295222261008,0.44406611504712223,-0.772529317990715,0.7983508283375486
0.0778639660205565,-0.49582566016277474,0.9953842328037696,-0.262374883916401,1.345404460269301,-0.44388895618648,0.6858636415395302,-0.5987229488364169,1.660644026921731,1.5276587028461421,0.7985195894763473,-3.644883506724782,0.8374954736546291,-1.0721616940592065
-0.4050922894871379,0.5405110958810013,-0.9051318582410686,-0.262374883916401,-1.1026017942158708,0.6528631995730466,-1.2625767407274866,0.7589362279580656,-0.6344601564556905,-0.7613101253299871,0.2524969225367557,0.44406611504712223,-1.0313319494734692,0.6728896225670344
-0.3974540310994705,-0.49582566016277474,-0.3740208660306531,-0.262374883916401,-0.30081577358309647,0.7317242067781248,0.09130278959775646,-0.46609109067291904,-0.5197049472868195,-0.14893664662312658,1.1170328118577755,0.4300983765741165,-0.707147600563493,0.5018061601526971
-0.39043359604361066,-0.49582566016277474,-0.5434022094923533,-0.262374883916401,-0.5311160135520849,0.14026665274003242,-0.5175848298606862,0.3447685779469692,-0.5197049472868195,-0.7256378838519176,0.5255082560065523,0.44406611504712223,-0.8161171296088631,0.11401697868019929
-0.3737878491815675,-0.49582566016277474,-0.5434022094923533,-0.262374883916401,-0.5311160135520849,0.19722182461036689,-1.026185076702444,0.4317615970763486,-0.5197049472868195,-0.7256378838519176,0.5255082560065523,0.44406611504712223,-0.9182760630888976,0.3307226977383597
-0.3708813661087907,0.41615068515574816,-0.7615883468328482,-0.262374883916401,-1.059953601629021,2.8901791817615874,-2.1615814023984816,2.4468029964561535,-0.2901945289490773,-0.4699868199257525,0.29799881144838897,0.44406611504712223,-1.2697027942602161,2.360913118388496
-0.2618324171832888,-0.49582566016277474,1.2078286296879353,3.8113404189961417,2.693087346013751,-0.2204494357720898,0.9759806837520821,-0.9988812083845087,-0.5197049472868195,-0.03597454860923968,-1.7040843006634487,-0.3588672147496069,0.3076311386715164,-0.5817224351381061
-0.4057894279764071,2.924085634781686,-1.3113599955263324,-0.262374883916401,-1.19642781790694,-0.17225659803565205,-1.0870738386482885,1.1774366791432873,-0.8639705747934328,-0.36297009549154385,-1.7040843006634487,0.41094564427401,-0.739838459277104,0.2280726202897575
-0.3978328653383998,-0.49582566016277474,0.39106604977516163,3.8113404189961417,-0.04492661806199814,-0.48039868174438755,0.8971834624104013,-0.4501078685639241,-0.5197049472868195,-0.7910369932283784,-0.9305521891656939,0.44406611504712223,0.6890244903303122,-0.06847204789509402
